<gmd:identificationInfo xmlns:nas="http://metadata.ces.mil/dse/ns/GSIP/5.0/nas"
xmlns:gmd="http://www.isotc211.org/2005/gmd"
xmlns:gco="http://www.isotc211.org/2005/gco"
xmlns:ism="urn:us:gov:ic:ism">
    <nas:MD_DataIdentification>
        <gmd:citation>
            <gmd:CI_Citation>
                <gmd:title></gmd:title>
                <gmd:date>
                    <gmd:CI_Date>
                        <gmd:date>
                        </gmd:date>
                        <gmd:dateType>
                            <gmd:CI_DateTypeCode
                            codeList="http://www.isotc211.org/2005/resources/Codelist/gmxCodelists.xml#CI_DateTypeCode"
                            codeListValue="creation"/>
                        </gmd:dateType>
                    </gmd:CI_Date>
                </gmd:date>
            </gmd:CI_Citation>
        </gmd:citation>
        <gmd:abstract></gmd:abstract>
        <gmd:pointOfContact>
            <gmd:CI_ResponsibleParty>
                <gmd:organisationName></gmd:organisationName>
                <gmd:role>
                    <gmd:CI_RoleCode codeList="http://api.nsgreg.nga.mil/codelist/RoleCode" codeListValue="publisher"/>
                </gmd:role>
            </gmd:CI_ResponsibleParty>
        </gmd:pointOfContact>
        <gmd:resourceConstraints>
            <nas:MD_SecurityConstraints>
                <gmd:classification>
                    <gmd:MD_ClassificationCode
                    codeList="http://api.nsgreg.nga.mil/codelist/ClassificationCode" codeListValue="unclassified"/>
                </gmd:classification>
                <gmd:classificationSystem></gmd:classificationSystem>
                <nas:capcoMarking ism:classification="U" ism:ownerProducer="USA"/>
            </nas:MD_SecurityConstraints>
        </gmd:resourceConstraints>
        <gmd:language>
            <gmd:LanguageCode codeList="http://api.nsgreg.nga.mil/codelist/ISO639-2" codeListValue="eng"/>
        </gmd:language>
        <gmd:characterSet>
            <gmd:MD_CharacterSetCode
            codeList="http://api.nsgreg.nga.mil/codelist/CharacterSetCode" codeListValue="utf8" />
        </gmd:characterSet>
        <gmd:extent>
            <gmd:EX_Extent>
                <gmd:geographicElement>
                    <gmd:EX_GeographicBoundingBox></gmd:EX_GeographicBoundingBox>
                </gmd:geographicElement>
            </gmd:EX_Extent>
        </gmd:extent>
        <nas:languageCountry>
            <nas:LanguageCountryCode
             codeList="http://api.nsgreg.nga.mil/geo-political/GENC/3/2-1" codeListValue="USA"/>
        </nas:languageCountry>
        <nas:resourceCategory>
            <nas:ResourceCategoryCode
            codeList="http://api.nsgreg.nga.mil/codelist/ResourceCategoryCode" codeListValue="other"/>
        </nas:resourceCategory>
    </nas:MD_DataIdentification>
 </gmd:identificationInfo>